login ; password
AnnaConda@sio.jjr;AConda
AnnaGramme@sio.jjr;AGramme
ArtyShow@sio.jjr;AShow
AuroreBoréal@sio.jjr;ABoréal
AxelleSonjoli@sio.jjr;ASonjoli
BalthazarOhazar@sio.jjr;BOhazar
Basilede Koch@sio.jjr;Bde Koch
BonapartePacher@sio.jjr;BPacher
BriceGlace@sio.jjr;BGlace
CarmenNulpart@sio.jjr;CNulpart
ClausTrophob@sio.jjr;CTrophob
CléaMolette@sio.jjr;CMolette
CodySil@sio.jjr;CSil
DeborahRondi@sio.jjr;DRondi
FanyÉpi@sio.jjr;FÉpi
FlorePassy@sio.jjr;FPassy
GarryCiton@sio.jjr;GCiton
GérardMer@sio.jjr;GMer
GilbertMonlatin@sio.jjr;GMonlatin
Guyde Michelin@sio.jjr;Gde Michelin
GuyNess@sio.jjr;GNess
HélèneDehun@sio.jjr;HDehun
IgorSarav@sio.jjr;ISarav
IvanhoéLepoisson@sio.jjr;ILepoisson
Jean-RégisTretou@sio.jjr;JTretou
JustinCalva@sio.jjr;JCalva
MarcPage@sio.jjr;MPage
MarieTim@sio.jjr;MTim
MaudeCambronne@sio.jjr;MCambronne
MélodieEnroute@sio.jjr;MEnroute
SueArchi@sio.jjr;SArchi
PatIncoufin@sio.jjr;PIncoufin
